result_id,cve,name,cvss,correlation_risk,cvss_diff
ab56e9e0-c2e6-489d-91a3-164aa9bf73c1,N/A,SSL/TLS: Certificate Expired,5.0,46.03772262447729,41.03772262447729
745e0c8e-28b5-46ae-ada2-3c952ac71883,CVE-2011-1473,"SSL/TLS: Renegotiation DoS Vulnerability (CVE-2011-1473, CVE-2011-5094)",5.0,46.03772262447729,41.03772262447729
10cefef1-6235-4a20-9a55-291cd719e88c,N/A,Check if Mailserver answer to VRFY and EXPN requests,5.0,46.03772262447729,41.03772262447729
89350c82-961e-4d71-bf8d-8be3730ed2d3,CVE-1999-0678,/doc directory browsable,5.0,46.03772262447729,41.03772262447729
3e16a0c8-603d-4591-ac1d-0cd5ca6891fa,CVE-2005-0283,QWikiwiki directory traversal vulnerability,5.0,46.03772262447729,41.03772262447729
05602da0-52a3-4e3e-9b83-1df87fe819b6,N/A,SSL/TLS: Certificate Expired,5.0,46.03772262447729,41.03772262447729
1b71ae19-f58c-4f80-8995-40b5c9cc82ab,CVE-2011-1473,"SSL/TLS: Renegotiation DoS Vulnerability (CVE-2011-1473, CVE-2011-5094)",5.0,46.03772262447729,41.03772262447729
dd37d21d-d7d4-46ad-941b-4b1ee897eb34,N/A,awiki <= 20100125 Multiple LFI Vulnerabilities - Active Check,5.0,46.03772262447729,41.03772262447729
b0d98895-5d99-49e8-9003-4d96b119c7fc,CVE-2008-0149,phpinfo() Output Reporting (HTTP),5.3,46.03772262447729,40.73772262447729
07065998-9c55-43a2-94c0-cde1a245197d,CVE-1999-0497,Anonymous FTP Login Reporting,6.4,46.03772262447729,39.63772262447729
a45d3d01-a434-4e12-8447-3f71463bd7c9,N/A,Test HTTP dangerous methods,7.5,46.03772262447729,38.53772262447729
ebd83864-c884-4724-a138-abd231b766e9,CVE-1999-0651,The rlogin service is running,7.5,46.03772262447729,38.53772262447729
176dc995-6a6b-41b3-8385-8c8b095554da,CVE-1999-0651,rsh Unencrypted Cleartext Login,7.5,46.03772262447729,38.53772262447729
488bf687-60fa-4aa8-9a17-1c61e2e1e131,N/A,Riello NetMan 204 Default Credentials (SSH),7.5,46.03772262447729,38.53772262447729
4e42d71a-69bf-4271-9288-b6a59fb4099a,CVE-2010-2075,UnrealIRCd Backdoor,7.5,46.03772262447729,38.53772262447729
9c050666-627e-447d-a811-da182882374f,CVE-2012-1823,PHP-CGI-based setups vulnerability when parsing query string parameters from php files.,7.5,46.03772262447729,38.53772262447729
22e7c74f-3f4d-4031-aea2-5862bbc4ea83,CVE-1999-0501,FTP Brute Force Logins Reporting,7.5,46.03772262447729,38.53772262447729
34cba3fd-7660-4973-bd59-5476115a7ef7,CVE-1999-0501,FTP Brute Force Logins Reporting,7.5,46.03772262447729,38.53772262447729
62464c0d-cd69-421e-bec0-74934585548d,CVE-2011-3556,Java RMI Server Insecure Default Configuration RCE Vulnerability,7.5,46.03772262447729,38.53772262447729
a52e7d25-7586-4bc0-bbc0-cb1b1f95614f,N/A,PostgreSQL Default Credentials (PostgreSQL Protocol),9.0,46.03772262447729,37.03772262447729
69b7deb6-2772-4249-9893-727f224075ac,N/A,VNC Brute Force Login,9.0,46.03772262447729,37.03772262447729
3af28331-b508-4d61-b144-0208eda5dfa1,CVE-2020-1938,Apache Tomcat AJP RCE Vulnerability (Ghostcat),9.8,46.03772262447729,36.237722624477286
5749cb08-3034-4369-99ff-f66832620bd7,CVE-1999-0501,SSH Brute Force Logins With Default Credentials Reporting,9.8,46.03772262447729,36.237722624477286
e60ee469-7d0d-4bcd-9d2d-3f94d830dbfe,CVE-2011-2523,vsftpd Compromised Source Packages Backdoor Vulnerability,9.8,46.03772262447729,36.237722624477286
190a612f-ea4f-49f1-b010-1238f188bf8d,CVE-2011-2523,vsftpd Compromised Source Packages Backdoor Vulnerability,9.8,46.03772262447729,36.237722624477286
da11b467-193b-4f6c-ad9a-67e15992f3cf,CVE-2001-0645,MySQL / MariaDB Default Credentials (MySQL Protocol),9.8,46.03772262447729,36.237722624477286
0a28ea97-7180-4935-87c8-4aaac3ee93b7,N/A,rlogin Passwordless Login,10.0,46.03772262447729,36.03772262447729
8baea5dd-9af2-45f2-b862-73113fb592f9,CVE-2008-5304,TWiki XSS and Command Execution Vulnerabilities,10.0,46.03772262447729,36.03772262447729
016a77b8-5a01-440c-872a-bdc881f36583,N/A,Possible Backdoor: Ingreslock,10.0,46.03772262447729,36.03772262447729
cc3bfce4-e144-4a0e-8f9b-95efbb5665b5,N/A,Distributed Ruby (dRuby/DRb) Multiple Remote Code Execution Vulnerabilities,10.0,46.03772262447729,36.03772262447729
68ca8632-4376-452f-92d7-ba1653f030ed,CVE-1999-0618,The rexec service is running,10.0,46.03772262447729,36.03772262447729
326658ac-4c76-40a8-987f-152892bf86a2,N/A,Operating System (OS) End of Life (EOL) Detection,10.0,46.03772262447729,36.03772262447729
e241e319-412b-4e52-aba7-360c3c0329eb,CVE-2011-4969,jQuery < 1.6.3 XSS Vulnerability,4.3,24.493980037161357,20.193980037161356
cd9d6dc6-682b-4807-95f2-a71499d7a919,CVE-2010-4480,phpMyAdmin 'error.php' Cross Site Scripting Vulnerability,4.3,24.493980037161357,20.193980037161356
5063522a-df96-41ca-84b7-2ece70fe083b,CVE-2011-3389,SSL/TLS: Deprecated TLSv1.0 and TLSv1.1 Protocol Detection,4.3,24.493980037161357,20.193980037161356
209d6301-eca2-439a-899b-2c6af0dd548d,CVE-2012-0053,Apache HTTP Server 'httpOnly' Cookie Information Disclosure Vulnerability,4.3,24.493980037161357,20.193980037161356
d7e4af85-230e-4ee8-ac54-e6966a114970,CVE-2011-3389,SSL/TLS: Deprecated TLSv1.0 and TLSv1.1 Protocol Detection,4.3,24.493980037161357,20.193980037161356
e122d768-2962-45aa-9bd4-4308f6cc54df,CVE-2015-0204,SSL/TLS: RSA Temporary Key Handling 'RSA_EXPORT' Downgrade Issue (FREAK),4.3,24.493980037161357,20.193980037161356
1f1d1ab1-a73a-48d8-aef7-f3c1f9654322,N/A,Weak Encryption Algorithm(s) Supported (SSH),4.3,24.493980037161357,20.193980037161356
fa9ba4e7-d16b-4ed6-8110-898a59d8aa47,N/A,FTP Unencrypted Cleartext Login,4.8,24.493980037161357,19.693980037161356
374c2221-6844-49b3-be63-5e78fda06bed,N/A,FTP Unencrypted Cleartext Login,4.8,24.493980037161357,19.693980037161356
83fc8e36-82a5-495f-b215-34d1fcf7fd25,N/A,VNC Server Unencrypted Data Transmission,4.8,24.493980037161357,19.693980037161356
f06629ba-3e3e-4829-9f14-f35dbc86297d,N/A,Cleartext Transmission of Sensitive Information via HTTP,4.8,24.493980037161357,19.693980037161356
38e2ed6e-90f9-4a6b-80a6-1057ecaebf56,N/A,Telnet Unencrypted Cleartext Login,4.8,24.493980037161357,19.693980037161356
64a3d14f-529c-4244-bfbb-b16cd461c0fe,CVE-2003-1567,HTTP Debugging Methods (TRACE/TRACK) Enabled,5.8,24.493980037161357,18.693980037161356
0cbcd1d5-4246-436a-bfd6-17d31aba9dc2,CVE-2018-20212,TWiki < 6.1.0 XSS Vulnerability,6.1,24.493980037161357,18.393980037161356
501dd997-0ec4-4c44-a7f5-0644bd900079,CVE-2012-6708,jQuery < 1.9.0 XSS Vulnerability,6.1,24.493980037161357,18.393980037161356
3221ae7c-7b23-4424-a1f2-759031826564,CVE-2015-4000,SSL/TLS: 'DHE_EXPORT' Man in the Middle Security Bypass Vulnerability (LogJam),3.7,15.032725754931366,11.332725754931367
90311205-8290-445f-b485-21d597a077f2,CVE-2016-0800,SSL/TLS: Deprecated SSLv2 and SSLv3 Protocol Detection,5.9,15.032725754931366,9.132725754931366
0b711356-4151-4013-bdfd-450eaf2fc803,CVE-2013-2566,SSL/TLS: Report Weak Cipher Suites,5.9,15.032725754931366,9.132725754931366
787fa44e-aaac-485a-a4e9-83e4f95df402,CVE-2013-2566,SSL/TLS: Report Weak Cipher Suites,5.9,15.032725754931366,9.132725754931366
9b3b87e7-fbab-45be-bb7e-c70c27138839,CVE-2016-0800,SSL/TLS: Deprecated SSLv2 and SSLv3 Protocol Detection,5.9,15.032725754931366,9.132725754931366
daa18691-bfe7-4bbd-bf77-9d80147a2f3d,CVE-1999-0524,ICMP Timestamp Reply Information Disclosure,2.1,10.255264998257875,8.155264998257875
fd94b32e-3b8c-4a4c-b8b4-fd8138c7f87c,CVE-2014-0224,SSL/TLS: OpenSSL CCS Man in the Middle Security Bypass Vulnerability,7.4,15.032725754931366,7.632725754931366
cd227089-4f3e-4cd3-88bb-144bd7a694ae,CVE-2009-1339,TWiki Cross-Site Request Forgery Vulnerability,6.0,13.031814430844044,7.031814430844044
742e773d-3337-49e8-a4ab-4a4c25af691f,CVE-2007-2447,Samba MS-RPC Remote Shell Command Execution Vulnerability - Active Check,6.0,13.031814430844044,7.031814430844044
fb68e300-1de6-4f9c-995b-3c7c31e0be24,CVE-2016-7144,UnrealIRCd Authentication Spoofing Vulnerability,8.1,15.032725754931366,6.932725754931367
ead7c123-bf3e-4f57-bf41-6bbbf4109ee5,N/A,TCP Timestamps Information Disclosure,2.6,7.998034297848599,5.398034297848598
4693073b-beba-45cc-83b6-4fea4b59cda6,N/A,Weak MAC Algorithm(s) Supported (SSH),2.6,7.998034297848599,5.398034297848598
2dde62fe-d5c8-47e0-9d51-29e558155183,CVE-2014-3566,SSL/TLS: SSLv3 Protocol CBC Cipher Suites Information Disclosure Vulnerability (POODLE),3.4,7.998034297848599,4.598034297848599
756e76b7-ec1d-45e6-b6f2-7db2b4d03e36,CVE-2014-3566,SSL/TLS: SSLv3 Protocol CBC Cipher Suites Information Disclosure Vulnerability (POODLE),3.4,7.998034297848599,4.598034297848599
2efc2b7c-c3ce-4b3a-b030-e35082a599ee,N/A,SSL/TLS: Diffie-Hellman Key Exchange Insufficient DH Group Strength Vulnerability,4.0,7.998034297848599,3.9980342978485988
525aa5d7-a3de-4542-bf75-16cf4aa0e2f5,N/A,SSL/TLS: Diffie-Hellman Key Exchange Insufficient DH Group Strength Vulnerability,4.0,7.998034297848599,3.9980342978485988
c56deb4e-8040-44b9-b016-1e8058751816,N/A,SSL/TLS: Certificate Signed Using A Weak Signature Algorithm,4.0,7.998034297848599,3.9980342978485988
a47a4a5f-b4e1-4c7b-b0d8-262557b368ae,N/A,SSL/TLS: Certificate Signed Using A Weak Signature Algorithm,4.0,7.998034297848599,3.9980342978485988
caf36514-aa7b-4fa8-8b8e-ed6f285f05f3,CVE-2009-4898,TWiki Cross-Site Request Forgery Vulnerability (Sep 2010),6.8,10.255264998257877,3.455264998257877
87392249-58b7-4125-af3f-5941363b9e73,N/A,Weak Key Exchange (KEX) Algorithm(s) Supported (SSH),5.3,7.998034297848596,2.6980342978485963
d3e1d710-747e-4b09-a8df-43410372a5f4,N/A,SSL/TLS: Server Certificate / Certificate in Chain with RSA keys less than 2048 bits,5.3,7.998034297848596,2.6980342978485963
1f36e184-6ef2-455b-b7ed-5e8a393ca841,N/A,SSL/TLS: Server Certificate / Certificate in Chain with RSA keys less than 2048 bits,5.3,7.998034297848596,2.6980342978485963
388c1c23-458a-4d2c-9ee4-2962dc901eb7,N/A,Weak Host Key Algorithm(s) (SSH),5.3,7.998034297848596,2.6980342978485963
e0decdd5-40bb-45b4-9af1-b5a175042aa9,CVE-2004-2687,DistCC RCE Vulnerability (CVE-2004-2687),9.3,10.255264998257877,0.955264998257876
